{
  "initial_geometry_atom_labels": [],
  "final_geometry_atom_labels": [
    "0 O",
    "1 C",
    "2 N",
    "3 O",
    "4 C"
  ],
  "bond_length_data_labels": [
    ["1 C", "2 N"],
    ["2 N", "3 O"],
    ["3 O", "4 C"]
  ],
  "bond_angle_data_labels": [
    ["0 O", "1 C", "2 N"],
    ["1 C", "2 N", "3 O"]
  ],
  "mulliken_charge_atom_labels": [
    "0 O",
    "1 C",
    "2 N",
    "3 O",
    "4 C"
  ],
  "mulliken_charge_sum_atom_label_lists": [
    ["1 C"],
    ["2 N"],
    ["3 O"],
    ["4 C"],
    ["2 N", "3 O"],
    ["0 O", "1 C", "2 N"],
    ["1 C", "2 N", "3 O"],
    ["1 C", "2 N", "3 O", "4 C"]
  ],
  "loewdin_charge_atom_labels": [
    "0 O",
    "1 C",
    "2 N",
    "3 O",
    "4 C"
  ],
  "loewdin_charge_sum_label_lists": [
    ["1 C"],
    ["2 N"],
    ["3 O"],
    ["4 C"],
    ["2 N", "3 O"],
    ["0 O", "1 C", "2 N"],
    ["1 C", "2 N", "3 O"],
    ["1 C", "2 N", "3 O", "4 C"]
  ]
}